tax	/living/tax/pay-property-tax.html?ref=shortURL
grant	https://secure.saanich.ca/tempestprod/ecom/hog/login.cfm?title=Claim+Home+Owner+Grant
pilotproject	/services/garbage/kitchenscraps/index.html?ref=shortURL
saanichbusiness	http://www.surveymonkey.com/s/Saanichbusiness
teen	/parkrec/community/youthservice.html?ref=shortURL
rolston	/parkrec/parks/projects/current/rolston.html?ref=shortURL
ss2012	http://www.surveymonkey.com/s/2012ss
2012cs	http://www.surveymonkey.com/s/2012cs
gis	/services/gis/index.html?ref=shortURL
golf	/parkrec/golf/index.html?ref=shortURL
chgc	http://fluidsurveys.com/s/cedarhillgolfcoursefacility/
annualreport	/services/docs/reports.html?ref=shortURL
living/notices.html	/living/about/news/news.html?ref=shortURL
calendar.html	/living/about/get-involved/community-calendar.html?ref=shortURL
contact.html	/living/about/organization/contact.html?ref=shortURL
weather.html	/living/about/get-involved/weather.html?ref=shortURL
parkrec/community/youthservice.html	/parkrec/community/youth/index.html?ref=shortURL
interactive.html	/living/about/i-want-to/interactive.html?ref=shortURL
error.html	/include/error/404.html?ref=shortURL
error-service.html	/include/error/error-service.html?ref=shortURL
privacy.html	/living/about/organization/privacy.html?ref=shortURL
recdown.html	/include/error/recdown.html?ref=shortURL
recform.html	/parkrec/recreation/recform.html?ref=shortURL
rss.html	/living/about/news/rss.html?ref=shortURL
sendtonotify.html	https://saanich.ca:8443/webapp/emergencyNotification/preview.jsp
feedback.html	/living/about/organization/feedback.html?ref=shortURL
sitemap.html	/living/about/organization/sitemap.html?ref=shortURL
thanks.html	/living/about/organization/thanks.html?ref=shortURL
cop	https://saanich.ca:8443/webapp/cop/
carboncalculator	https://saanich.ca:8443/webapp/cop/
completestreets	/services/engineering/projects/completestreets/index.html?ref=shortURL
kitchenscraps	/living/about/news/2012/proposedcubrsidecollection-kitchenscraps.html?ref=shortURL
pullingtogether	/living/natural/opportunities.html?ref=shortURL
services/budget.html	/services/budget/index.html?ref=shortURL
living/climate/takeaction.html	/living/climate/action/index.html?ref=shortURL
living/climate/ccap.html	/living/climate/plan/ccap.html?ref=shortURL
living/climate/cap.html	/living/climate/plan/cap.html?ref=shortURL
living/climate/Climate_Action_Plan_Flash/index.html	/living/climate/plan/cap-plan/index.html?ref=shortURL
living/climate/calculator.html	/living/climate/action/calculator.html?ref=shortURL
living/climate/act/acthome.html	/living/climate/action/act/index.html?ref=shortURL
living/climate/act/awareness.html	/living/climate/action/act/awareness.html?ref=shortURL
living/climate/act/committment.html	/living/climate/action/act/committment.html?ref=shortURL
living/climate/act/takeaction.html	/living/climate/action/act/takeaction.html?ref=shortURL
living/climate/hotwater.html	/living/climate/action/programs/hotwater.html?ref=shortURL
living/climate/tapbytap.html	/living/climate/action/programs/tapbytap.html?ref=shortURL
living/climate/tuneup.html	/living/climate/action/programs/tuneup.html?ref=shortURL
living/climate/ecap.html	/living/climate/action/programs/ecap.html?ref=shortURL
living/climate/sustbusprog.html	/living/climate/action/programs/sustbusprog.html?ref=shortURL
living/community.html	/living/community/index.html?ref=shortURL
living/community/chickens.html	/living/community/chickens/index.html?ref=shortURL
living/community/afs/afshome.html	/living/afs/index.html?ref=shortURL
living/ocp.html	/living/community/ocp/index.html?ref=shortURL
living/dpa.html	/living/community/dpa/index.html?ref=shortURL
mtdougpark	/parkrec/parks/mt-doug/index.html?ref=shortURL
living/natural/steward.html	/living/natural/stewardship/index.html?ref=shortURL
living/natural/invasive.html	/living/natural/stewardship/invasive.html?ref=shortURL
living/natural/ourbackyard.html	/living/natural/stewardship/ourbackyard.html?ref=shortURL
living/natural/naturescape.html	/living/natural/stewardship/naturescape.html?ref=shortURL
living/natural/npsp.html	/living/natural/stewardship/npsp.html?ref=shortURL
living/natural/enviro_awards.html	/living/natural/stewardship/enviro_awards.html?ref=shortURL
living/natural/opportunities.html	/living/natural/stewardship/opportunities.html?ref=shortURL
living/natural/envplan.html	/living/natural/planning/index.html?ref=shortURL
living/natural/bylawspolicies.html	/living/natural/planning/bylawspolicies.html?ref=shortURL
living/natural/natcovenants.html	/living/natural/planning/natcovenants.html?ref=shortURL
living/natural/streamside.html	/living/natural/planning/streamside.html?ref=shortURL
living/natural/edpa.html	/living/natural/planning/edpa.html?ref=shortURL
living/natural/stormwater.html	/living/natural/planning/stormwater.html?ref=shortURL
living/natural/envhealth.html	/living/natural/health/index.html?ref=shortURL
living/natural/pesticide.html	/living/natural/health/pesticide.html?ref=shortURL
living/natural/westnile.htm	/living/natural/health/westnile.htm?ref=shortURL
living/natural/envsustainability.html	/living/natural/sustainability/index.html?ref=shortURL
living/natural/greenrebate.html	/living/natural/sustainability/greenrebate.html?ref=shortURL
living/natural/envresources.html	/living/natural/resources/index.html?ref=shortURL
living/natural/envlinks.html	/living/natural/resources/envlinks.html?ref=shortURL
living/natural/esaatlas.html	/living/natural/resources/esaatlas.html?ref=shortURL
living/natural/SDPAAtlas.html	/living/natural/resources/sdpaatlas.html?ref=shortURL
living/natural/invasivebrochures.html	/living/natural/resources/invasivebrochures.html?ref=shortURL
living/natural/edpaatlas.html	/living/natural/resources/edpaatlas.html?ref=shortURL
living/election.html	/living/election/index.html?ref=shortURL
living/bylaw.html	/living/bylaw/index.html?ref=shortURL
svap	/business/actionplan/shelbourne.html?ref=shortURL
parkrec/parks/info/fields.html	/parkrec/parks/parks/fields.html?ref=shortURL
parkrec/parks/projects/current/mtdoug.html	/parkrec/parks/projects/mt-doug/mtdoug.html?ref=shortURL
parkrec/parks/projects/current/mtdougtrail.html	/parkrec/parks/projects/mt-doug/mtdougtrail.html?ref=shortURL
parkrec/parks/projects/current/mtdoug-blenkinsop.html	/parkrec/parks/projects/mt-doug/mtdoug-blenkinsop.html?ref=shortURL
parkrec/recreation/cedarart.html	/parkrec/recreation/arts/?ref=shortURL
business/development/applications/blenkinsop.html	/business/development/blenkinsop.html?ref=shortURL
business/development/applications/cadboro.html	/business/development/cadboro.html?ref=shortURL
business/development/applications/carey.html	/business/development/carey.html?ref=shortURL
business/development/applications/cordova.html	/business/development/cordova.html?ref=shortURL
business/development/applications/core.html	/business/development/core.html?ref=shortURL
business/development/applications/current.html	/business/development/?ref=shortURL
business/development/applications/gordonhead.html	/business/development/gordonhead.html?ref=shortURL
business/development/applications/northquadra.html	/business/development/northquadra.html?ref=shortURL
business/development/applications/quadra.html	/business/development/quadra.html?ref=shortURL
business/development/applications/royaloak.html	/business/development/royaloak.html?ref=shortURL
business/development/applications/ruralsaanich.html	/business/development/rural.html?ref=shortURL
business/development/applications/shelbourne.html	/business/development/shelbourne.html?ref=shortURL
business/development/applications/tillicum.html	/business/development/tillicum.html?ref=shortURL
business/zoning.html	/business/zoning/index.html?ref=shortURL
business/zoningbylaw.html	/business/zoning/zoningbylaw.html?ref=shortURL
business/rezoning.html	/business/zoning/rezoning.html?ref=shortURL
business/duplex.html	/business/zoning/duplex.html?ref=shortURL
business/permitsapplications.html	/business/permits/index.html?ref=shortURL
business/subdivision/devapplications.html	/business/permits/devapplications.html?ref=shortURL
business/buildperms.html	/business/permits/buildperms.html?ref=shortURL
business/inspections.html	/business/permits/inspections.html?ref=shortURL
discover/grants/index.html	/discover/artsheritagearc/heritage/grants/?ref=shortURL
discover/grants/checklist.html	/discover/artsheritagearc/heritage/grants/checklist.html?ref=shortURL
discover/grants/colour.html	/discover/artsheritagearc/heritage/grants/colour.html?ref=shortURL
discover/grants/estimates.html	/discover/artsheritagearc/heritage/grants/estimates.html?ref=shortURL
discover/grants/general.html	/discover/artsheritagearc/heritage/grants/general.html?ref=shortURL
discover/grants/housegrantprogram.html	/discover/artsheritagearc/heritage/grants/housegrantprogram.html?ref=shortURL
discover/grants/photograph.html	/discover/artsheritagearc/heritage/grants/photograph.html?ref=shortURL
discover/grants/restoration.html	/discover/artsheritagearc/heritage/grants/restoration.html?ref=shortURL
discover/artsheritagearc/artspolicy.html	/discover/artsheritagearc/arts/index.html?ref=shortURL
discover/artsheritagearc/publicart.html	/discover/artsheritagearc/arts/public/index.html?ref=shortURL
discover/artsheritagearc/acch.html	/discover/artsheritagearc/arts/public/acch.html?ref=shortURL
discover/artsheritagearc/moment.html	/discover/artsheritagearc/arts/public/moment.html?ref=shortURL
discover/artsheritagearc/camossung.html	/discover/artsheritagearc/arts/public/camossung.html?ref=shortURL
discover/artsheritagearc/flyingfish.html	/discover/artsheritagearc/arts/public/flyingfish.html?ref=shortURL
discover/artsheritagearc/rings.html	/discover/artsheritagearc/arts/public/rings.html?ref=shortURL
discover/artsheritagearc/stonepoem.html	/discover/artsheritagearc/arts/public/stonepoem.html?ref=shortURL
discover/artsheritagearc/	/discover/artsheritagearc/arts/public/?ref=shortURL
discover/artsheritagearc/compart.html	/discover/artsheritagearc/arts/compart.html?ref=shortURL
discover/artsheritagearc/murals.html	/discover/artsheritagearc/arts/murals/index.html?ref=shortURL
discover/artsheritagearc/goward/index.htm	/discover/artsheritagearc/saanicharchives/exhibits/goward/index.html?ref=shortURL
discover/artsheritagearc/girling_home.htm	/discover/artsheritagearc/saanicharchives/exhibits/girling/girling_home.htm?ref=shortURL
afs	/living/afs/?ref=shortURL
oiltanks	/living/natural/sustainability/index.html?ref=shortURL
streamside	/living/natural/planning/streamside.html?ref=shortURL
environment	/living/natural/index.html?ref=shortURL
pesticide	/living/natural/health/pesticide.html?ref=shortURL
invasives	/living/natural/stewardship/invasive.html?ref=shortURL
ourbackyard	/living/natural/stewardship/ourbackyard.html?ref=shortURL
budget	/services/budget/budget.html?ref=shortURL
strategicplan	/services/docs/strategic.html?ref=shortURL
officialcommunityplan	/living/community/ocp/?ref=shortURL
ocp	/living/community/ocp/?ref=shortURL
businesssurvey	/services/docs/business.html?ref=shortURL
citizensurvey	/services/docs/citizen2012.html?ref=shortURL
scpgardens	http://www.surveymonkey.com/s/scpgardens
cih	/living/afs/cih.html?ref=shortURL
communitiesinharvest	/living/afs/cih.html?ref=shortURL
services/communitygrants/CommunityGrants.html	/living/community-grants/index.html?ref=shortURL
greenergarbage	/services/garbage/greenergarbagecollection.html?ref=shortURL
enviroawards	/living/natural/stewardship/enviro_awards.html?ref=shortURL
seniorssurvey	/parkrec/community/seniors.html?ref=shortURL
living/community/afs/index.html	/living/afs/index.html?ref=shortURL
living/community/afs/agricultureabout.html	/living/afs/agricultureabout.html?ref=shortURL
living/community/afs/cih.html	/living/afs/cih.html?ref=shortURL
living/community/afs/afspolicy.html	/living/afs/afspolicy.html?ref=shortURL
living/community/afs/communitygardens.html	/living/afs/communitygardens.html?ref=shortURL
living/community/afs/connect.html	/living/afs/connect.html?ref=shortURL
living/community/afs/afsresources.html	/living/afs/afsresources.html?ref=shortURL
living/community/afs/pac.html	/living/afs/pac.html?ref=shortURL
living/community/afs/production.html	/living/afs/production.html?ref=shortURL
seniorsurvey	/parkrec/community/seniors.html?ref=shortURL
amendingtreebylaw	/parkrec/parks/trees/AmendingtheTreePreservationBylaw.html?ref=shortURL
cadboro-gyro	/parkrec/parks/projects/current/cadboro.html?ref=shortURL
CGP	/parkrec/parks/projects/current/cadboro.html?ref=shortURL
CRT	/parkrec/parks/projects/planninganddesignconcepts/ColquitzRiverTrail-GerdatoLoenholm.html?ref=shortURL
mtdougparkmap	/parkrec/parks/trails/pdf/mt_doug.pdf?ref=shortURL
annual-report	/services/docs/reports.html?ref=shortURL
business/development/core 	/business/development/core.html?ref=shortURL
business/development/tillicum	/business/development/tillicum.html?ref=shortURL
business/development/gordonhead	/business/development/gordonhead.html?ref=shortURL
pfp	/parkrec/parks/projects/planninganddesignconcepts/PanamaFlatsManagementPlan.html?ref=shortURL
parks	/parkrec/parks/index.html?ref=shortURL
heritage	/discover/artsheritagearc/heritage/index.html?ref=shortURL
dropin	/parkrec/recreation/dropin/index.html?ref=shortURL
fitpass	/parkrec/recreation/FitnessMatters.html?ref=shortURL
esbackyarddcw	/living/environment/pdf/ob/OurbackyardSpring2011Finalweb.pdf?ref=shortURL
panamaplan	/parkrec/parks/projects/planninganddesignconcepts/PanamaFlatsManagementPlan.html?ref=shortURL
gorgegardens	/parkrec/parks/projects/current/newcommunitygardens.html?ref=shortURL
sharethetrail	/parkrec/parks/trails/trails.html?ref=shortURL
shelbourne	/business/actionplan/shelbourne.html?ref=shortURL
